,metric_name,mean_0,mean_1,var_0,var_1,delta,lift,pvalue,statistic
0,Average Revenuer Per User Without Cancelllations,3426.3920827619854,3425.010985546812,45088017.406712666,20401152.103354014,-1.381097215173213,-0.0004030762334881192,0.9819043292524194,0.022681665428344676
0,Average Order Value,1.0,1.0,0.0,0.0,0.0,0.0,,
0,Canceled Orders per Orders,1.0,1.0,0.0,0.0,0.0,0.0,,
0,Average Revenue per Paying User Without Cancelation,3426.3920827619854,3425.010985546812,45088017.406712666,20401152.103354014,-1.381097215173213,-0.0004030762334881192,0.6803615200665272,155117677.5
